task,stimulus,n_fixations,fixation_duration
FreeViewing,Puzzle,93,477.1182795698925
Fixation,Natural,4,11230.5
Fixation,Natural,17,2628.0
FreeViewing,Puzzle,94,467.8085106382979
FreeViewing,Natural,60,738.4333333333333
FreeViewing,Natural,46,965.3478260869565
FreeViewing,Waldo,78,574.0769230769231
FreeViewing,Waldo,55,780.7272727272727
FreeViewing,Natural,64,694.1875
Fixation,Puzzle,8,5621.5
Fixation,Natural,6,7491.666666666667
Fixation,Waldo,10,4490.0
Fixation,Waldo,6,7497.0
Fixation,Waldo,4,11248.5
FreeViewing,Puzzle,74,605.0
Fixation,Waldo,3,14965.333333333334
FreeViewing,Waldo,61,735.1803278688525
Fixation,Puzzle,5,8996.8
Fixation,Puzzle,2,22495.0
FreeViewing,Waldo,38,1176.6842105263158
FreeViewing,Puzzle,85,522.9882352941177
FreeViewing,Natural,76,577.578947368421
Fixation,Natural,1,44982.0
FreeViewing,Natural,95,466.0842105263158
Fixation,Puzzle,1,44994.0
FreeViewing,Puzzle,95,469.7894736842105
Fixation,Puzzle,13,3455.5384615384614
FreeViewing,Waldo,52,863.2692307692307
Fixation,Waldo,8,5623.25
Fixation,Natural,5,8996.4
FreeViewing,Natural,121,364.099173553719
Fixation,Puzzle,24,1865.75
FreeViewing,Natural,157,276.1006289308176
FreeViewing,Waldo,108,406.0
Fixation,Natural,37,1173.0
FreeViewing,Puzzle,129,340.9767441860465
FreeViewing,Waldo,100,421.0576923076923
FreeViewing,Puzzle,122,334.0650406504065
Fixation,Puzzle,27,1655.9259259259259
FreeViewing,Puzzle,143,305.6275862068965
Fixation,Waldo,11,4069.6363636363635
Fixation,Natural,9,4978.444444444444
Fixation,Waldo,15,2989.866666666667
FreeViewing,Waldo,125,338.0314960629921
Fixation,Puzzle,9,4957.333333333333
Fixation,Natural,16,2786.25
FreeViewing,Natural,137,323.6788321167883
FreeViewing,Puzzle,174,252.26285714285714
FreeViewing,Puzzle,177,237.65745856353593
Fixation,Waldo,7,6410.571428571428
Fixation,Puzzle,29,1509.448275862069
FreeViewing,Natural,151,291.50993377483445
FreeViewing,Waldo,123,348.56
FreeViewing,Natural,163,260.2168674698795
FreeViewing,Waldo,116,379.1111111111111
Fixation,Natural,4,11214.0
Fixation,Waldo,18,2452.8888888888887
Fixation,Waldo,5,8961.2
Fixation,Natural,13,3407.5384615384614
Fixation,Puzzle,19,2327.2631578947367
Fixation,Natural,15,2997.733333333333
Fixation,Natural,13,3458.6153846153848
Fixation,Puzzle,43,1044.5116279069769
Fixation,Puzzle,31,1445.2903225806451
FreeViewing,Waldo,132,304.2411347517731
FreeViewing,Natural,158,262.9325153374233
FreeViewing,Puzzle,135,317.40579710144925
Fixation,Waldo,21,2140.5714285714284
Fixation,Waldo,31,1449.2903225806451
FreeViewing,Puzzle,130,337.4769230769231
Fixation,Natural,19,2355.4736842105262
Fixation,Puzzle,29,1543.9310344827586
Fixation,Natural,20,2240.3
Fixation,Puzzle,41,1092.3902439024391
FreeViewing,Waldo,101,424.23762376237624
FreeViewing,Natural,118,372.1344537815126
FreeViewing,Natural,131,330.37593984962405
FreeViewing,Puzzle,138,315.9142857142857
FreeViewing,Natural,114,390.6666666666667
Fixation,Waldo,19,2362.1052631578946
Fixation,Natural,18,2497.1111111111113
FreeViewing,Waldo,97,453.51020408163265
FreeViewing,Puzzle,122,365.39344262295083
FreeViewing,Natural,121,367.3388429752066
FreeViewing,Waldo,108,405.48623853211006
Fixation,Waldo,9,4996.444444444444
Fixation,Waldo,17,2638.9411764705883
FreeViewing,Waldo,84,531.5714285714286
Fixation,Puzzle,7,6415.714285714285
FreeViewing,Puzzle,120,356.1951219512195
Fixation,Natural,36,1226.388888888889
Fixation,Puzzle,52,828.8076923076923
Fixation,Waldo,55,783.6727272727272
Fixation,Waldo,47,910.1276595744681
FreeViewing,Natural,173,237.68361581920905
FreeViewing,Waldo,141,306.77464788732397
Fixation,Natural,63,687.2380952380952
Fixation,Puzzle,87,489.81609195402297
Fixation,Waldo,60,709.2333333333333
FreeViewing,Waldo,123,361.2845528455285
FreeViewing,Natural,205,206.85853658536584
FreeViewing,Natural,184,224.73513513513512
FreeViewing,Puzzle,141,307.71830985915494
FreeViewing,Waldo,113,385.8070175438597
Fixation,Puzzle,105,398.1142857142857
Fixation,Waldo,89,468.8314606741573
FreeViewing,Natural,130,326.6666666666667
FreeViewing,Waldo,147,293.61073825503354
FreeViewing,Puzzle,104,421.16190476190474
Fixation,Puzzle,78,541.2820512820513
FreeViewing,Puzzle,141,313.8723404255319
FreeViewing,Waldo,153,284.5548387096774
Fixation,Natural,46,921.5217391304348
Fixation,Natural,57,742.9122807017544
Fixation,Natural,43,991.2093023255813
FreeViewing,Puzzle,111,388.86725663716817
Fixation,Puzzle,53,803.0188679245283
FreeViewing,Natural,184,229.84864864864866
Fixation,Waldo,42,1024.1904761904761
FreeViewing,Puzzle,165,266.33734939759034
FreeViewing,Puzzle,147,297.6216216216216
Fixation,Waldo,71,613.4084507042254
Fixation,Puzzle,75,573.68
FreeViewing,Puzzle,109,396.2181818181818
Fixation,Waldo,60,730.7333333333333
FreeViewing,Puzzle,133,318.3235294117647
Fixation,Natural,60,732.4
FreeViewing,Waldo,112,392.72566371681415
Fixation,Waldo,67,652.3582089552239
Fixation,Natural,79,545.0379746835443
Fixation,Waldo,89,486.60674157303373
Fixation,Puzzle,41,1059.0243902439024
FreeViewing,Waldo,76,563.5526315789474
FreeViewing,Natural,154,279.72903225806454
Fixation,Puzzle,37,1177.8918918918919
Fixation,Puzzle,57,763.0175438596491
FreeViewing,Natural,141,312.5248226950355
FreeViewing,Natural,143,302.125
Fixation,Puzzle,44,985.8636363636364
FreeViewing,Puzzle,123,362.520325203252
FreeViewing,Natural,115,376.504347826087
FreeViewing,Waldo,80,560.025
Fixation,Waldo,45,975.1111111111111
FreeViewing,Waldo,110,391.6991150442478
Fixation,Natural,60,729.6666666666666
FreeViewing,Natural,143,301.5138888888889
FreeViewing,Waldo,77,578.0519480519481
Fixation,Natural,54,813.6296296296297
FreeViewing,Puzzle,98,453.85714285714283
Fixation,Natural,64,681.84375
FreeViewing,Puzzle,73,614.0
FreeViewing,Waldo,42,1064.2380952380952
FreeViewing,Natural,73,611.3424657534247
Fixation,Waldo,19,2313.684210526316
Fixation,Puzzle,23,1942.9565217391305
Fixation,Puzzle,9,4938.0
FreeViewing,Waldo,74,604.1081081081081
FreeViewing,Puzzle,103,425.75
Fixation,Natural,5,8947.6
FreeViewing,Puzzle,92,486.9130434782609
Fixation,Natural,14,3174.1428571428573
Fixation,Puzzle,9,4962.444444444444
FreeViewing,Natural,110,405.4
FreeViewing,Waldo,42,1065.2380952380952
Fixation,Natural,10,4444.2
Fixation,Natural,9,4951.333333333333
Fixation,Natural,13,3372.923076923077
Fixation,Waldo,15,2963.866666666667
FreeViewing,Puzzle,80,560.525
FreeViewing,Natural,108,412.31481481481484
Fixation,Waldo,9,4948.888888888889
Fixation,Waldo,11,4019.2727272727275
FreeViewing,Waldo,78,564.8974358974359
Fixation,Puzzle,3,14947.333333333334
FreeViewing,Natural,81,553.3827160493827
FreeViewing,Natural,110,392.6181818181818
FreeViewing,Waldo,56,801.4642857142857
Fixation,Waldo,4,11247.0
FreeViewing,Puzzle,118,378.2542372881356
Fixation,Puzzle,7,6380.857142857143
Fixation,Puzzle,11,4088.909090909091
FreeViewing,Natural,88,509.09090909090907
FreeViewing,Natural,85,509.5764705882353
FreeViewing,Waldo,90,497.93333333333334
FreeViewing,Waldo,81,545.8048780487804
Fixation,Waldo,7,6425.142857142857
Fixation,Waldo,5,8997.2
Fixation,Natural,6,7496.666666666667
Fixation,Natural,2,22498.0
Fixation,Natural,11,4066.0
FreeViewing,Natural,64,688.4923076923077
Fixation,Puzzle,6,7498.333333333333
FreeViewing,Puzzle,102,439.15686274509807
FreeViewing,Waldo,43,1041.4883720930231
Fixation,Waldo,7,6426.571428571428
FreeViewing,Puzzle,91,490.68131868131866
Fixation,Waldo,2,22493.0
Fixation,Puzzle,5,8995.2
FreeViewing,Natural,98,457.0204081632653
Fixation,Waldo,6,7498.0
FreeViewing,Natural,94,476.6170212765957
Fixation,Puzzle,4,11248.5
FreeViewing,Puzzle,104,424.247619047619
Fixation,Natural,3,14998.0
Fixation,Puzzle,12,3727.5
FreeViewing,Waldo,62,716.0645161290323
FreeViewing,Puzzle,120,372.18333333333334
FreeViewing,Waldo,72,621.8888888888889
Fixation,Natural,9,4980.666666666667
FreeViewing,Puzzle,90,496.2
FreeViewing,Waldo,31,1439.8064516129032
FreeViewing,Natural,70,635.8
Fixation,Natural,8,5586.75
FreeViewing,Waldo,43,1041.906976744186
Fixation,Waldo,5,8923.2
Fixation,Puzzle,8,5527.25
Fixation,Waldo,6,7418.0
Fixation,Natural,4,11144.5
FreeViewing,Puzzle,93,479.6559139784946
Fixation,Waldo,6,7475.333333333333
Fixation,Natural,5,8943.2
Fixation,Natural,3,14891.333333333334
FreeViewing,Natural,74,606.1351351351351
FreeViewing,Puzzle,93,481.93548387096774
FreeViewing,Puzzle,78,570.5384615384615
Fixation,Puzzle,4,11248.5
FreeViewing,Puzzle,68,658.5294117647059
Fixation,Natural,9,4977.555555555556
Fixation,Puzzle,3,14941.333333333334
FreeViewing,Waldo,29,1539.8620689655172
Fixation,Waldo,3,14994.0
FreeViewing,Waldo,47,954.2978723404256
FreeViewing,Waldo,48,932.2916666666666
FreeViewing,Natural,48,928.4166666666666
FreeViewing,Natural,68,657.5294117647059
Fixation,Puzzle,5,8931.6
FreeViewing,Puzzle,140,304.4246575342466
Fixation,Puzzle,2,22491.0
Fixation,Waldo,5,8955.6
FreeViewing,Natural,66,678.6666666666666
FreeViewing,Natural,185,239.27956989247312
FreeViewing,Puzzle,152,279.51633986928107
FreeViewing,Natural,228,190.89082969432314
Fixation,Natural,23,1949.1304347826087
Fixation,Puzzle,61,735.311475409836
Fixation,Waldo,54,825.2222222222222
Fixation,Waldo,35,1280.4571428571428
FreeViewing,Puzzle,156,285.35897435897436
Fixation,Waldo,25,1726.6153846153845
FreeViewing,Waldo,142,286.09655172413795
Fixation,Puzzle,142,312.9154929577465
FreeViewing,Natural,162,188.39080459770116
FreeViewing,Waldo,170,251.32947976878611
FreeViewing,Waldo,157,266.5875
Fixation,Puzzle,42,1063.857142857143
FreeViewing,Natural,157,278.7974683544304
Fixation,Natural,25,1784.32
FreeViewing,Natural,160,275.7391304347826
Fixation,Waldo,42,1066.5714285714287
Fixation,Waldo,47,947.531914893617
Fixation,Natural,81,547.9012345679013
FreeViewing,Waldo,147,286.2013422818792
FreeViewing,Puzzle,182,239.89071038251367
FreeViewing,Puzzle,149,265.4078947368421
Fixation,Natural,25,1792.24
Fixation,Natural,19,2356.0
FreeViewing,Puzzle,165,267.49397590361446
FreeViewing,Waldo,75,458.8
Fixation,Puzzle,32,1399.6875
Fixation,Puzzle,41,1093.121951219512
Fixation,Waldo,25,1789.92
FreeViewing,Puzzle,193,221.8673469387755
FreeViewing,Waldo,152,283.6732026143791
Fixation,Natural,19,2360.2105263157896
Fixation,Waldo,9,4984.444444444444
Fixation,Waldo,14,3192.0
FreeViewing,Waldo,141,291.95862068965516
FreeViewing,Natural,177,215.71584699453553
Fixation,Waldo,41,1084.6341463414635
Fixation,Puzzle,48,928.5833333333334
Fixation,Natural,51,872.7450980392157
Fixation,Puzzle,18,2497.8888888888887
Fixation,Puzzle,3,14993.333333333334
FreeViewing,Puzzle,150,297.9066666666667
FreeViewing,Puzzle,173,253.89655172413794
FreeViewing,Natural,127,344.0
FreeViewing,Natural,180,233.78021978021977
Fixation,Puzzle,10,4490.6
FreeViewing,Natural,143,312.61538461538464
Fixation,Natural,34,1320.1764705882354
FreeViewing,Waldo,128,345.2248062015504
FreeViewing,Natural,141,289.2689655172414
Fixation,Natural,57,783.6842105263158
FreeViewing,Puzzle,161,250.17177914110428
FreeViewing,Waldo,150,290.89473684210526
Fixation,Waldo,14,3211.5714285714284
Fixation,Puzzle,35,1283.2
FreeViewing,Waldo,129,330.0153846153846
Fixation,Natural,34,1319.4705882352941
FreeViewing,Puzzle,177,242.68539325842696
FreeViewing,Natural,156,282.28025477707007
Fixation,Waldo,3,14944.0
Fixation,Waldo,9,4982.666666666667
FreeViewing,Waldo,39,443.48837209302326
Fixation,Waldo,19,2344.4210526315787
Fixation,Natural,21,2124.4761904761904
Fixation,Puzzle,17,2636.705882352941
FreeViewing,Puzzle,133,334.1353383458647
FreeViewing,Waldo,91,407.2340425531915
FreeViewing,Puzzle,183,241.33695652173913
Fixation,Puzzle,23,1938.0869565217392
FreeViewing,Waldo,144,266.08053691275165
Fixation,Natural,12,3728.1666666666665
Fixation,Waldo,25,1793.44
FreeViewing,Puzzle,178,250.73033707865167
FreeViewing,Waldo,157,247.90184049079755
FreeViewing,Waldo,156,277.0126582278481
FreeViewing,Natural,153,291.66013071895424
FreeViewing,Puzzle,191,232.26178010471205
FreeViewing,Natural,172,257.19767441860466
Fixation,Puzzle,69,649.1304347826087
FreeViewing,Puzzle,228,188.06060606060606
FreeViewing,Natural,170,262.11764705882354
Fixation,Natural,22,2037.4545454545455
Fixation,Natural,36,1243.7777777777778
Fixation,Puzzle,18,2497.8888888888887
Fixation,Puzzle,40,1116.95
FreeViewing,Natural,83,525.5294117647059
Fixation,Natural,40,1111.3
Fixation,Waldo,31,1432.7096774193549
FreeViewing,Natural,157,273.57232704402514
Fixation,Natural,77,577.7662337662338
FreeViewing,Puzzle,256,164.1455938697318
Fixation,Natural,60,744.4666666666667
Fixation,Puzzle,25,1787.68
FreeViewing,Puzzle,192,220.54358974358973
FreeViewing,Puzzle,184,228.46808510638297
FreeViewing,Natural,124,356.53225806451616
Fixation,Natural,30,1489.0666666666666
FreeViewing,Natural,184,239.5326086956522
FreeViewing,Waldo,93,449.78723404255317
Fixation,Puzzle,54,824.9629629629629
Fixation,Natural,20,2239.8
FreeViewing,Natural,126,354.6190476190476
Fixation,Waldo,4,11248.0
FreeViewing,Puzzle,171,251.183908045977
FreeViewing,Waldo,106,410.39622641509436
Fixation,Natural,14,3207.8571428571427
FreeViewing,Waldo,111,387.9642857142857
Fixation,Waldo,19,2365.2631578947367
FreeViewing,Waldo,79,559.475
Fixation,Puzzle,37,1208.3243243243244
Fixation,Puzzle,24,1786.16
Fixation,Waldo,21,2136.8571428571427
FreeViewing,Puzzle,171,243.33333333333334
Fixation,Waldo,11,4064.0
Fixation,Puzzle,18,2480.777777777778
FreeViewing,Natural,119,367.93333333333334
FreeViewing,Waldo,100,425.18446601941747
Fixation,Waldo,19,2348.842105263158
Fixation,Natural,78,563.6153846153846
FreeViewing,Natural,142,308.0422535211268
FreeViewing,Waldo,136,320.3382352941176
FreeViewing,Natural,198,214.46
Fixation,Waldo,87,495.6551724137931
FreeViewing,Waldo,171,243.0340909090909
FreeViewing,Puzzle,193,207.36
FreeViewing,Puzzle,171,242.95454545454547
FreeViewing,Puzzle,142,294.13605442176873
FreeViewing,Puzzle,152,278.46451612903223
FreeViewing,Natural,169,237.97701149425288
Fixation,Waldo,23,1941.4782608695652
Fixation,Waldo,33,1351.5757575757575
FreeViewing,Puzzle,116,361.8305084745763
Fixation,Waldo,6,7478.0
FreeViewing,Natural,157,274.0253164556962
Fixation,Puzzle,19,2342.9473684210525
Fixation,Puzzle,13,3438.6153846153848
Fixation,Puzzle,56,785.6428571428571
FreeViewing,Natural,110,401.1090909090909
Fixation,Natural,9,4983.777777777777
FreeViewing,Waldo,97,448.37113402061857
Fixation,Natural,6,7466.666666666667
FreeViewing,Waldo,113,378.90434782608696
Fixation,Puzzle,10,4471.8
Fixation,Waldo,8,5584.0
FreeViewing,Waldo,119,359.1333333333333
Fixation,Puzzle,6,7478.666666666667
Fixation,Natural,19,2338.5263157894738
Fixation,Natural,17,2624.705882352941
FreeViewing,Natural,152,254.78481012658227
Fixation,Waldo,50,874.72
FreeViewing,Natural,161,226.48192771084337
FreeViewing,Waldo,130,278.014598540146
Fixation,Natural,41,1055.560975609756
FreeViewing,Puzzle,155,238.02409638554218
FreeViewing,Waldo,120,293.6666666666667
Fixation,Puzzle,21,2115.4285714285716
FreeViewing,Waldo,131,338.6106870229008
FreeViewing,Puzzle,151,283.2287581699346
FreeViewing,Waldo,125,345.44444444444446
Fixation,Natural,42,1054.7142857142858
FreeViewing,Waldo,194,209.8051282051282
Fixation,Puzzle,64,687.96875
Fixation,Natural,48,919.7916666666666
Fixation,Puzzle,54,813.2962962962963
Fixation,Natural,58,766.0
FreeViewing,Puzzle,218,189.26785714285714
Fixation,Waldo,61,722.8524590163935
Fixation,Puzzle,78,565.6923076923077
FreeViewing,Natural,242,174.5121951219512
FreeViewing,Natural,211,198.7926267281106
FreeViewing,Natural,182,236.59139784946237
Fixation,Puzzle,22,2033.5454545454545
Fixation,Waldo,37,1204.4864864864865
FreeViewing,Puzzle,219,196.66666666666666
Fixation,Waldo,36,1234.2222222222222
FreeViewing,Puzzle,260,162.4318181818182
Fixation,Waldo,28,1575.0
Fixation,Natural,32,1385.6875
Fixation,Waldo,29,1306.8235294117646
Fixation,Waldo,68,597.8918918918919
FreeViewing,Puzzle,138,304.4583333333333
FreeViewing,Waldo,110,398.6306306306306
Fixation,Puzzle,29,1275.0285714285715
Fixation,Puzzle,47,823.4444444444445
Fixation,Waldo,82,495.97752808988764
FreeViewing,Natural,129,339.57251908396944
FreeViewing,Waldo,90,483.75555555555553
FreeViewing,Puzzle,100,421.25
Fixation,Puzzle,27,1585.0
FreeViewing,Puzzle,89,486.24175824175825
Fixation,Puzzle,34,1107.3
Fixation,Natural,21,1933.4782608695652
FreeViewing,Natural,121,365.02479338842977
FreeViewing,Puzzle,104,428.0769230769231
FreeViewing,Waldo,73,575.2266666666667
Fixation,Natural,30,1340.969696969697
FreeViewing,Waldo,71,617.3888888888889
Fixation,Natural,8,3723.3333333333335
FreeViewing,Natural,99,440.44
FreeViewing,Waldo,108,391.39285714285717
Fixation,Natural,15,2343.2631578947367
Fixation,Natural,19,2340.7368421052633
FreeViewing,Puzzle,86,485.8636363636364
Fixation,Puzzle,21,1779.92
Fixation,Waldo,9,4055.818181818182
Fixation,Waldo,18,2231.2
FreeViewing,Natural,94,463.0625
FreeViewing,Natural,106,387.61467889908255
FreeViewing,Natural,98,454.85714285714283
FreeViewing,Puzzle,116,374.37606837606836
FreeViewing,Puzzle,134,331.02985074626866
Fixation,Natural,29,1541.655172413793
FreeViewing,Natural,136,320.3478260869565
FreeViewing,Waldo,120,367.9504132231405
Fixation,Natural,19,1940.608695652174
FreeViewing,Waldo,176,234.48314606741573
FreeViewing,Waldo,150,294.03973509933775
Fixation,Puzzle,29,1400.3125
Fixation,Waldo,37,1062.142857142857
Fixation,Waldo,50,824.1481481481482
FreeViewing,Puzzle,129,344.6821705426357
Fixation,Puzzle,18,2132.190476190476
Fixation,Waldo,66,606.9589041095891
Fixation,Puzzle,23,1853.5
FreeViewing,Natural,115,379.4188034188034
FreeViewing,Waldo,123,356.72
Fixation,Waldo,42,987.5111111111111
FreeViewing,Puzzle,139,315.70212765957444
FreeViewing,Natural,129,338.412213740458
Fixation,Natural,60,663.5820895522388
FreeViewing,Waldo,95,454.9166666666667
Fixation,Puzzle,30,1315.2941176470588
FreeViewing,Puzzle,114,388.55652173913046
Fixation,Puzzle,34,1244.888888888889
Fixation,Natural,23,1870.5833333333333
Fixation,Natural,54,783.2982456140351
FreeViewing,Natural,114,392.1578947368421
Fixation,Waldo,31,1399.1875
Fixation,Waldo,17,2032.5454545454545
FreeViewing,Natural,145,299.06756756756755
FreeViewing,Puzzle,106,391.76363636363635
FreeViewing,Puzzle,97,444.92
Fixation,Puzzle,26,1491.0
FreeViewing,Waldo,123,332.91472868217056
Fixation,Natural,25,1656.2222222222222
FreeViewing,Waldo,144,294.3783783783784
Fixation,Waldo,8,4988.222222222223
FreeViewing,Natural,120,361.0894308943089
Fixation,Natural,19,2036.1818181818182
Fixation,Waldo,11,3448.923076923077
FreeViewing,Waldo,128,340.8217054263566
Fixation,Puzzle,21,1949.4782608695652
FreeViewing,Puzzle,120,325.6666666666667
FreeViewing,Natural,82,513.7142857142857
FreeViewing,Waldo,155,285.87179487179486
FreeViewing,Natural,53,829.1111111111111
Fixation,Waldo,29,1440.9032258064517
Fixation,Waldo,9,3443.076923076923
Fixation,Natural,21,2139.4285714285716
Fixation,Puzzle,16,2235.0
Fixation,Natural,19,2135.904761904762
FreeViewing,Puzzle,80,528.3095238095239
FreeViewing,Puzzle,130,334.45112781954884
FreeViewing,Natural,110,389.1578947368421
Fixation,Natural,32,1169.6842105263158
FreeViewing,Waldo,116,379.70940170940173
Fixation,Puzzle,32,1239.5
Fixation,Puzzle,26,1544.344827586207
Fixation,Waldo,7,6395.428571428572
FreeViewing,Waldo,112,399.0357142857143
FreeViewing,Waldo,95,471.22105263157897
FreeViewing,Natural,81,552.4691358024692
Fixation,Waldo,4,11225.5
FreeViewing,Waldo,112,397.35714285714283
FreeViewing,Natural,108,414.31481481481484
Fixation,Puzzle,3,14980.666666666666
Fixation,Puzzle,2,22492.0
Fixation,Waldo,1,44998.0
FreeViewing,Natural,81,540.5365853658536
Fixation,Puzzle,2,22468.0
Fixation,Puzzle,3,14974.0
Fixation,Natural,1,44998.0
Fixation,Natural,6,7475.0
FreeViewing,Natural,80,557.725
Fixation,Natural,1,44994.0
FreeViewing,Waldo,109,410.07339449541286
FreeViewing,Puzzle,114,392.0175438596491
FreeViewing,Waldo,112,396.0357142857143
FreeViewing,Puzzle,125,352.57142857142856
Fixation,Natural,4,11244.5
Fixation,Waldo,1,44998.0
Fixation,Natural,1,44994.0
Fixation,Waldo,2,22498.0
FreeViewing,Puzzle,145,304.26206896551724
FreeViewing,Puzzle,103,427.00970873786406
FreeViewing,Puzzle,136,327.25
Fixation,Puzzle,1,44998.0
FreeViewing,Natural,112,391.125
Fixation,Natural,1,44998.0
FreeViewing,Waldo,84,528.9047619047619
FreeViewing,Puzzle,105,416.6666666666667
Fixation,Natural,1,45000.0
Fixation,Natural,1,44996.0
Fixation,Puzzle,1,44984.0
FreeViewing,Waldo,67,669.7313432835821
Fixation,Waldo,1,44986.0
Fixation,Waldo,1,44994.0
FreeViewing,Waldo,50,884.0
Fixation,Waldo,1,45000.0
Fixation,Waldo,1,44994.0
FreeViewing,Natural,27,1664.0740740740741
Fixation,Natural,1,44986.0
FreeViewing,Waldo,49,916.4489795918367
Fixation,Puzzle,2,22457.0
Fixation,Natural,2,22459.0
Fixation,Puzzle,1,45000.0
FreeViewing,Natural,55,812.6545454545454
FreeViewing,Puzzle,96,466.7916666666667
FreeViewing,Waldo,48,934.0
FreeViewing,Puzzle,103,434.81553398058253
Fixation,Puzzle,2,22452.0
FreeViewing,Puzzle,115,383.0782608695652
FreeViewing,Natural,74,596.1081081081081
Fixation,Waldo,1,44984.0
Fixation,Puzzle,4,11206.5
FreeViewing,Natural,85,524.2823529411764
FreeViewing,Puzzle,99,451.8989898989899
FreeViewing,Natural,60,736.2666666666667
Fixation,Waldo,12,3725.6666666666665
Fixation,Puzzle,14,3202.1428571428573
Fixation,Natural,16,2781.375
Fixation,Natural,16,2791.875
FreeViewing,Natural,149,296.1476510067114
Fixation,Natural,9,4962.0
Fixation,Natural,14,3178.5714285714284
Fixation,Puzzle,11,4051.090909090909
Fixation,Waldo,8,5585.75
Fixation,Waldo,5,8972.4
FreeViewing,Puzzle,116,384.58620689655174
FreeViewing,Waldo,88,505.45454545454544
FreeViewing,Natural,125,353.184
Fixation,Puzzle,7,6399.714285714285
Fixation,Waldo,14,3186.714285714286
FreeViewing,Puzzle,110,405.07272727272726
FreeViewing,Puzzle,121,365.5206611570248
FreeViewing,Waldo,85,525.6
FreeViewing,Natural,135,322.61764705882354
FreeViewing,Puzzle,117,378.1694915254237
FreeViewing,Natural,122,359.55737704918033
Fixation,Puzzle,25,1777.04
Fixation,Natural,2,22441.0
Fixation,Puzzle,11,4071.2727272727275
FreeViewing,Waldo,86,510.51162790697674
FreeViewing,Waldo,51,878.1960784313726
FreeViewing,Waldo,37,1209.8918918918919
Fixation,Waldo,7,6396.0
FreeViewing,Natural,82,543.0487804878048
FreeViewing,Puzzle,92,481.2173913043478
Fixation,Puzzle,6,496.3333333333333
FreeViewing,Puzzle,160,270.7826086956522
FreeViewing,Puzzle,156,283.5668789808917
FreeViewing,Puzzle,151,288.7843137254902
FreeViewing,Waldo,119,300.609375
FreeViewing,Waldo,129,346.51162790697674
Fixation,Puzzle,41,1082.6341463414635
FreeViewing,Puzzle,145,308.2344827586207
Fixation,Natural,63,709.7777777777778
FreeViewing,Puzzle,141,296.8689655172414
Fixation,Natural,38,1182.2105263157894
FreeViewing,Natural,124,360.11290322580646
Fixation,Natural,74,593.2533333333333
FreeViewing,Waldo,149,295.4533333333333
Fixation,Natural,153,285.16339869281046
FreeViewing,Natural,133,336.2406015037594
FreeViewing,Natural,148,302.0
Fixation,Waldo,63,699.3650793650794
FreeViewing,Waldo,141,316.25531914893617
Fixation,Puzzle,61,727.8032786885246
Fixation,Waldo,61,728.3934426229508
Fixation,Waldo,25,1797.44
Fixation,Natural,164,264.0
Fixation,Waldo,45,997.7777777777778
FreeViewing,Waldo,105,426.4190476190476
Fixation,Puzzle,104,426.71153846153845
Fixation,Waldo,37,1214.054054054054
Fixation,Puzzle,71,628.5633802816901
FreeViewing,Natural,107,418.5420560747664
FreeViewing,Natural,143,310.013986013986
FreeViewing,Puzzle,134,331.82089552238807
FreeViewing,Waldo,145,306.09589041095893
Fixation,Natural,68,659.0588235294117
FreeViewing,Waldo,127,346.5625
Fixation,Waldo,61,733.311475409836
Fixation,Natural,29,1549.5862068965516
FreeViewing,Waldo,131,341.41984732824426
FreeViewing,Natural,124,360.9193548387097
FreeViewing,Puzzle,159,280.0377358490566
FreeViewing,Puzzle,164,234.4
Fixation,Puzzle,49,914.4897959183673
FreeViewing,Natural,134,330.13432835820896
Fixation,Natural,61,728.9508196721312
Fixation,Natural,2,22493.0
Fixation,Waldo,26,1726.1538461538462
FreeViewing,Natural,98,457.18367346938777
Fixation,Puzzle,29,1545.7241379310344
FreeViewing,Waldo,81,551.8518518518518
FreeViewing,Puzzle,106,416.1682242990654
Fixation,Puzzle,13,3453.3846153846152
Fixation,Natural,29,1546.8275862068965
Fixation,Puzzle,4,11248.5
FreeViewing,Natural,113,395.929203539823
FreeViewing,Waldo,108,412.9074074074074
FreeViewing,Natural,140,316.8285714285714
Fixation,Waldo,5,8996.8
Fixation,Puzzle,18,2493.222222222222
Fixation,Waldo,37,1198.972972972973
FreeViewing,Puzzle,102,376.14814814814815
Fixation,Waldo,4,11246.0
Fixation,Waldo,31,1422.3870967741937
FreeViewing,Waldo,97,460.02061855670104
Fixation,Puzzle,74,600.0540540540541
Fixation,Waldo,18,2490.1111111111113
FreeViewing,Natural,136,328.80882352941177
Fixation,Waldo,23,1950.8695652173913
Fixation,Puzzle,45,987.0222222222222
FreeViewing,Waldo,84,532.8809523809524
FreeViewing,Waldo,106,417.49056603773585
FreeViewing,Puzzle,120,371.93333333333334
Fixation,Waldo,5,8998.4
FreeViewing,Puzzle,125,357.552
FreeViewing,Puzzle,127,332.3565891472868
FreeViewing,Natural,121,369.5702479338843
Fixation,Puzzle,27,1664.2962962962963
Fixation,Natural,33,1359.1515151515152
FreeViewing,Waldo,116,385.82758620689657
Fixation,Natural,39,1151.7948717948718
FreeViewing,Natural,168,264.1190476190476
FreeViewing,Natural,120,373.0
Fixation,Natural,26,1725.8461538461538
FreeViewing,Natural,131,341.2519083969466
FreeViewing,Puzzle,161,275.320987654321
Fixation,Waldo,6,7498.333333333333
Fixation,Natural,13,3456.153846153846
Fixation,Puzzle,24,1872.4166666666667
Fixation,Puzzle,31,1447.1612903225807
FreeViewing,Waldo,137,321.6350364963504
FreeViewing,Puzzle,132,338.93939393939394
Fixation,Natural,72,603.6216216216217
